
-- ===============================================================
-- My Safety Spot - MySQL DDL + DATA (Ready to Import)
-- Generated by ChatGPT on demand
-- ===============================================================

CREATE DATABASE IF NOT EXISTS my_safety_spot
  CHARACTER SET utf8mb4
  COLLATE utf8mb4_unicode_ci;
USE my_safety_spot;

SET NAMES utf8mb4;
SET time_zone = '+00:00';

-- Drop in child→parent order
SET FOREIGN_KEY_CHECKS = 0;
DROP TABLE IF EXISTS user_badges;
DROP TABLE IF EXISTS comments;
DROP TABLE IF EXISTS likes;
DROP TABLE IF EXISTS submissions;
DROP TABLE IF EXISTS admins;
DROP TABLE IF EXISTS badges;
DROP TABLE IF EXISTS activities;
DROP TABLE IF EXISTS users;
SET FOREIGN_KEY_CHECKS = 1;

-- ===============================================================
-- USERS
-- ===============================================================
CREATE TABLE users (
  lineUserId   VARCHAR(50)  NOT NULL,
  displayName  VARCHAR(255),
  pictureUrl   VARCHAR(1024),
  fullName     VARCHAR(255) NOT NULL,
  employeeId   VARCHAR(50)  NOT NULL,
  totalScore   INT DEFAULT 0,
  createdAt    DATETIME DEFAULT CURRENT_TIMESTAMP,
  PRIMARY KEY (lineUserId),
  UNIQUE KEY uq_users_employeeId (employeeId)
) ENGINE=InnoDB DEFAULT CHARSET=utf8mb4 COLLATE=utf8mb4_unicode_ci;

-- ===============================================================
-- ACTIVITIES
-- ===============================================================
CREATE TABLE activities (
  activityId   VARCHAR(50) NOT NULL,
  title        VARCHAR(255) NOT NULL,
  description  TEXT,
  imageUrl     VARCHAR(1024),
  status       ENUM('active','inactive') DEFAULT 'active',
  createdAt    DATETIME DEFAULT CURRENT_TIMESTAMP,
  PRIMARY KEY (activityId),
  KEY idx_activities_status (status),
  KEY idx_activities_createdAt (createdAt)
) ENGINE=InnoDB DEFAULT CHARSET=utf8mb4 COLLATE=utf8mb4_unicode_ci;

-- ===============================================================
-- BADGES
-- ===============================================================
CREATE TABLE badges (
  badgeId     VARCHAR(50) NOT NULL,
  badgeName   VARCHAR(255) NOT NULL,
  description TEXT,
  imageUrl    VARCHAR(1024),
  PRIMARY KEY (badgeId)
) ENGINE=InnoDB DEFAULT CHARSET=utf8mb4 COLLATE=utf8mb4_unicode_ci;

-- ===============================================================
-- ADMINS
-- ===============================================================
CREATE TABLE admins (
  lineUserId VARCHAR(50) NOT NULL,
  PRIMARY KEY (lineUserId),
  KEY idx_admins_user (lineUserId),
  CONSTRAINT fk_admins_user
    FOREIGN KEY (lineUserId) REFERENCES users(lineUserId)
    ON DELETE CASCADE
) ENGINE=InnoDB DEFAULT CHARSET=utf8mb4 COLLATE=utf8mb4_unicode_ci;

-- ===============================================================
-- SUBMISSIONS
-- ===============================================================
CREATE TABLE submissions (
  submissionId VARCHAR(50) NOT NULL,
  activityId   VARCHAR(50) NOT NULL,
  lineUserId   VARCHAR(50) NOT NULL,
  description  TEXT NOT NULL,
  imageUrl     VARCHAR(1024),
  status       ENUM('pending','approved','rejected') DEFAULT 'pending',
  points       INT DEFAULT 0,
  createdAt    DATETIME DEFAULT CURRENT_TIMESTAMP,
  PRIMARY KEY (submissionId),
  KEY idx_submissions_activityId (activityId),
  KEY idx_submissions_lineUserId (lineUserId),
  KEY idx_submissions_status (status),
  KEY idx_submissions_createdAt (createdAt),
  CONSTRAINT fk_submissions_activity FOREIGN KEY (activityId) REFERENCES activities(activityId) ON DELETE CASCADE,
  CONSTRAINT fk_submissions_user FOREIGN KEY (lineUserId) REFERENCES users(lineUserId) ON DELETE CASCADE
) ENGINE=InnoDB DEFAULT CHARSET=utf8mb4 COLLATE=utf8mb4_unicode_ci;

-- ===============================================================
-- COMMENTS
-- ===============================================================
CREATE TABLE comments (
  commentId    VARCHAR(50) NOT NULL,
  submissionId VARCHAR(50) NOT NULL,
  lineUserId   VARCHAR(50) NOT NULL,
  commentText  TEXT NOT NULL,
  createdAt    DATETIME DEFAULT CURRENT_TIMESTAMP,
  PRIMARY KEY (commentId),
  KEY idx_comments_submissionId (submissionId),
  KEY idx_comments_lineUserId (lineUserId),
  KEY idx_comments_createdAt (createdAt),
  CONSTRAINT fk_comments_submission FOREIGN KEY (submissionId) REFERENCES submissions(submissionId) ON DELETE CASCADE,
  CONSTRAINT fk_comments_user FOREIGN KEY (lineUserId) REFERENCES users(lineUserId) ON DELETE CASCADE
) ENGINE=InnoDB DEFAULT CHARSET=utf8mb4 COLLATE=utf8mb4_unicode_ci;

-- ===============================================================
-- LIKES
-- ===============================================================
CREATE TABLE likes (
  likeId       VARCHAR(50) NOT NULL,
  submissionId VARCHAR(50) NOT NULL,
  lineUserId   VARCHAR(50) NOT NULL,
  createdAt    DATETIME DEFAULT CURRENT_TIMESTAMP,
  PRIMARY KEY (likeId),
  UNIQUE KEY uq_likes_submission_user (submissionId, lineUserId),
  KEY idx_likes_submissionId (submissionId),
  KEY idx_likes_lineUserId (lineUserId),
  KEY idx_likes_createdAt (createdAt),
  CONSTRAINT fk_likes_submission FOREIGN KEY (submissionId) REFERENCES submissions(submissionId) ON DELETE CASCADE,
  CONSTRAINT fk_likes_user FOREIGN KEY (lineUserId) REFERENCES users(lineUserId) ON DELETE CASCADE
) ENGINE=InnoDB DEFAULT CHARSET=utf8mb4 COLLATE=utf8mb4_unicode_ci;

-- ===============================================================
-- USER_BADGES
-- ===============================================================
CREATE TABLE user_badges (
  lineUserId VARCHAR(50) NOT NULL,
  badgeId    VARCHAR(50) NOT NULL,
  earnedAt   DATETIME DEFAULT CURRENT_TIMESTAMP,
  PRIMARY KEY (lineUserId, badgeId),
  KEY idx_user_badges_badgeId (badgeId),
  CONSTRAINT fk_user_badges_user FOREIGN KEY (lineUserId) REFERENCES users(lineUserId) ON DELETE CASCADE,
  CONSTRAINT fk_user_badges_badge FOREIGN KEY (badgeId) REFERENCES badges(badgeId) ON DELETE CASCADE
) ENGINE=InnoDB DEFAULT CHARSET=utf8mb4 COLLATE=utf8mb4_unicode_ci;

-- ===============================================================
-- DATA IMPORT (from original dump)
-- ===============================================================
SET FOREIGN_KEY_CHECKS = 0;

INSERT INTO `users` (`lineUserId`, `displayName`, `pictureUrl`, `fullName`, `employeeId`, `totalScore`) VALUES
('U9385e759d7c6eb3f001317f8d640fdad', 'Rose :-) ', 'https://profile.line-scdn.net/0hScGA3H8mDExqOCeEkA9yMxpoDyZJSVVeFV1FK1w-UyhXW0MSEVZFLA1sBy9RABkZRFZEeAtqBn1mK3sqdG7weG0IUX1WDkoeRFxCqw', 'นางสาวอรุณรัตน์ โสดา', '005479', 0),
('U566d021df9589e746b2cf0cac397ceba', 'พิมพ์ชนก', 'https://profile.line-scdn.net/0m03846a827251c10aca5688428aa94b5a42fa4b9b682d', 'นางสาวพิมพ์ชนก โพธิ์ศรี', '004680', 0),
('U3087ff222d7e3495cd86f472045d82ed', 'yuy ...kanlaya', 'https://profile.line-scdn.net/0hL11banBfEx4cGzpkkm5tYWxLEHQ_akoMOC0Of3pPTixxIwQdYyleeX4ZGHpxf11BZypVfXoaSXoQCGR4Ak3vKhsrTi8gLVVMMn9d-Q', 'Kanlaya Anusit', '008831', 0),
('U9d4aa5f02d876ee6487668e628b546aa', 'wβâ¢ß┐ålβâ¢╧üβâ¢', 'https://profile.line-scdn.net/0hSkcIgucKDEROMB1EiJFyOz5gDy5tQVVWY1YTJH81ASMhAkpGZQUUd30yBSEmU0kXagFLJShgW3NCI3siUGbwcEkAUXVyBkoWYFRCow', 'นายทวีชัย วงษ์ดี', '004885', 0),
('Ue1ca644cd552a6296929bda6a9480fb1', 'toonΓÇÖs', 'https://profile.line-scdn.net/0hGX4xsH-bGHcZAQaFdCZmSWlRGx06cEFlPDIDRiRRFUN3OFYkNGEHQiUAQhMmMQ8nNWMCQSoCQhU7bll6MQYPF24IITpYayhlRRMADXheQgRadz53dGAgeEoCIERncAhhVTA8WUt5PR84XxZGchI_T05VGBlxOTEgVFZ0IRwzdvR2A28iNGZRECgDREal', 'นายนพรัตน์ แสงวิจิตร', '012733', 0),
('Ue56780e86be66cad6ea580a0fdbb0249', 'วิษณุรักษ์', 'https://profile.line-scdn.net/0hR8QgtYfZDRd8HhMRIcZzKQxODn1fb1QFAywWcB4YByFIekNDVnwQIhoZAXVCfB4SV3wVIUxMUXBeVA8GKwMCNE5WU30HajwCMx0rCgEWW29ISzBEVDk1MS16FVUhVyhENXBLCjFBLC89cDcGIC4UA0B_FVkZbQE2D0lhQXksY5QTHHpCUXlEcE0cUSbA', 'นายวิษณุรักษ์ สุขสวัสดิ์', '012684', 0),
('U3dd88218198a95b733087bc1362e9844', 'น้ำฝน', 'https://profile.line-scdn.net/0hMauiIrXaEk5YEAwCqNhscChAESR7YUtcJyVVKD8RSH0yJQVIJ3VdIGsYHitmJQVKJHUKITgYHit6RVZBAH5VVm9sBANmYzFgLiY2TGVbMz4NIglGEBMoUDcTTTtsdidaHwkeWi1uOxk6eR5PAS8hLxNwKRsQYDx5MEd-GF0ifM03EmUbdXdbKWkSTn_k', 'นางสาวน้ำฝน ตาสว่าง', '011213', 0),
('Uf28573e75b2ff38e7a6d806a2029fc96', '≡ƒç╣≡ƒç¡ Aim jung 78', 'https://profile.line-scdn.net/0hEVUjdTA-Gnl4Ewzw3JpkBghDGRNbYkNrU3IHTx8VQB1CcQh7UnFQGB8SQk5Adl1_UyYFHUoTRkF0AG0fZkXmTX8jR0hEJVwrVndUng', 'นางสาวจารุวรรณ จันทรา', '003763', 0),
('U09a2ead980189ff66d83b8300e0648e0', 'M╬úI .', 'https://profile.line-scdn.net/0hJ1Ugsz07FR54HgbRhuxrYQhOFnRbb0wMVC0ILx8cSX0SfFdJU34NcB4YHypNJ1pLXX1beR4bHH10DWJ4ZkjpKn8uSC9EKFNMVnpb-Q', 'นางสาวสุภาภรณ์ ทับทิมทอง', '012608', 0),
('Ucdee5ec5c80a599cdccfa5b2f7aae90c', 'Boyd Krittamet', 'https://profile.line-scdn.net/0hRI-jiKxBDWYAExNa4LtzWHBDDgwjYlR0eyIVAGEbWlU-I0tge3ZLUGIVUFc-JRk5e31KAjIUBAQiRBBLKiEKYXcbVCB2WA1xfgIrU0JmC1RdRgMwdSIVa3VyNCJmeC80JCkQfW5QKh9GXRptLBJDAG1BIRZ8Izh4aERhMAUhY-VvEXozLXREATERUVe8', 'The boyd', '009775', 0),
('U5bbac6bb6e63ec02fbf3af7b5bac31b0', 'นพดล', 'https://profile.line-scdn.net/0hatqTUZVtPltcLSsMAaZAJCx9PTF_XGdJcEt4aWolNT5iFSoNdR95P2ovYmtjG3ALeB8iOjkuMDtQPkk9QnvCb1sdY2pgG3gJcklwvA', 'นายนพดล กุลสวัสดิ์', '002342', 0),
('U522840aba03a1f1b8583b52dc34a5d3c', '╨╕', 'https://profile.line-scdn.net/0hbDax68hAPWtMASN4PdVDVTxRPgFvcGR5NTciDHpVNlklNX48NGFyDSwFZQx0YSptYm4gD3AFMFpuU3pqFzN6ZjplPwcnehlOMhM2Cy9SNloCRQ47FCYudXpCKCQQOThtADMtWRBdEQl4bARlNzMUDjBlEy55cTpEFFZRPUkzU-gjA0o-YWZ0DH0DYVrw', 'นายสมยศ ใจเย็น', '012656', 0),
('Ua734babe6cbae5446f6c5b26dfffa7d4', 'กิตติศักดิ์', 'https://profile.line-scdn.net/0h63dcBJjEaRxJGkNlfmgXYzlKanZqazAONigieysSPisgfylLZXRzfy5NMXkmfntONn4ke3VJPyxFCR56V0yVKE4qNC11LC9OZ34n-w', 'นายกิตติศักดิ์ พลไพ', '000457', 0),
('U9fe6dfe392622df0e638b7eb17159856', 'Mind', 'https://profile.line-scdn.net/0hnd0HCc5MMUsdMS9xMUhPdW1hMiE-QGhZMFN3LCAwbn8hBCJJYld2JChlai51UyRKZFd9LyFhbno_SjZdOSgaa3hEOAElWmp0Y1N2Xk9yDyliVR58bQItbGBWKCN7BixHRgIYWGltOyJGXQNgRQogSTRiNgNAQw0BNmZdHRgDX8hyM0YeMFZ4LCwzbXqh', 'นางสาวปรียาพร ภักดี', '012391', 0),
('U1e3ed7fa53755292ffa0b8a6a1624ad9', 'Rachada63954', 'https://profile.line-scdn.net/0h2b3G1bGEbU0ePn8aJD0TMm5ubic9TzRfNA8nKS86OioiXSIaZwhyKy8_NHkgDS8ZOw91eCtqOi4SLRorAGiReRkOMHwiCCsfMFojqg', 'นางสาวรชดา สว่างวงษ์', '004378', 0),
('U410bb259434247e428bffe17a4c7886e', 'LucksaNa88', 'https://profile.line-scdn.net/0hPooqhat2D0BCCB7ZfBpxPzJYDCpheVZSZmZGdndfUHZ4aEBGaT5IICMJUngvOklFbjxHdHYLVHhOG3gmXF7zdEU4UnF-PkkSbGxBpw', 'นางสาวลักษณา แย้มสวัสดิ์', '003383', 0),
('Ud72dba464a1de9414b068a3562b2c0e5', 'kung', 'https://profile.line-scdn.net/0hJ_z2kEH-FXBXSzwxckhrDycbFhp0OkxiKH1aEzUcQ0lifFVzKyQJQmIcTUA_KVUgcitcFmobG0VbWGIWSR3pRFB7SEFrfVMieS9blw', 'นายสรพงษ์ สันติภาพ', '010486', 0),
('U328d2169190bd9b4301bc82564becc30', 'ปรีชา', 'https://profile.line-scdn.net/0h96lvbtCQZhlBD3IOPiUYZjFfZXNifj8LZGopKnUGayB4NyNGPW19LXcPPyEoOCEbPm8reHIGbChNHBF_X1maLUY_Oyh9OSBLb2so_g', 'นายปรีชา สุขเกษม', '010157', 0),
('U501da046355458a7429f8ab0c1e8462a', 'รัดใจ', 'https://profile.line-scdn.net/0hJw_ulyttFVhyDAQpeR1rJwJcFjJRfUxKXz4KOEcPQm9KaAJZWD5TOBUPTTxIO1JZCT8JPkJcQ21-H2I-bFrpbHU8SGlOOlMKXGhbvw', 'นางสาวรัดใจ เพียรเลิศ', '003672', 10),
('U3f08e5c27ff57004358e74657c179dfb', 'ปรีชา', 'https://profile.line-scdn.net/0hs4oXHs6BLBtCIT0sRMFSZDJxL3FhUHUJPkExdXQmdX8sGT4YPEYwe3IlJSwoQ2lObRJmLyAiICNOMlt9XHfQL0URcSp-F2pJbEVi_A', 'นายปรีชา ปิยะกฤตพงศ์', '010850', 55),
('Udd3dd6ba767a06c794be9d6c8e4a3db2', 'ปรียานนท์', 'https://profile.line-scdn.net/0h5jHB5MMfakVlO3ptS54UOhVraS9GSjNXGg0sJlNrZ31aA31GSFgscVQ4NScLX3gaSAlwJ1A8MSdpKB0je22WcWILN3RZDSwXS18kog', 'นายปรียานนท์ ยงสมุทร์', '002195', 15),
('U463d6c75321700740b8093575d6aaaf3', 'จิรายุ', 'https://profile.line-scdn.net/0h7XBtOEI7aHdvDUV2pGcWCB9dax1MfDFlQDt1F1MMZhcBPywnQzwhGVkPNxUAaigpQmshEQoKY0RjHh8RcVuUQ2g9NUZTOy4lQWkmkA', 'นายจิรายุ สมพงษ์', '3675', 5),
('Udb19859a3e2b7f89c448b9f60b5bfe24', 'วรรณภา', 'https://profile.line-scdn.net/0hslp1iIMMLENdSDyQrnRSPC0YLyl-OXVReSxmd25Le3QzeD5AdSZlJzxIenU1K2oUcy1jLW0dISRRW1slQx7Qd1p4cXJhfmoRcyxipA', 'นางสาววรรณภา อินทร์ประดับ', '005445', 15),
('U1dcbe8e3c66acf2dc1c530a03918a010', 'Wara', 'https://profile.line-scdn.net/0hj4V59QVONRt7TCRPV_ZLZAscNnFYPWwJVChyfhwbOyhALHJPVnhzfklEaCITf3FFUCt_fUhFYyp3X0J9ZRrJL3x8aCpHenNJVSh7_A', 'นางสาววราพร แก้วอินทร์', '002904', 10),
('Ucadb3c0f63ada96c0432a0aede267ff9', 'SATTAYA_42', 'https://profile.line-scdn.net/0h4n22PHo8a0EfS3kqfAEVPm8baCs8OjJTNy13dStOPHcreH5CNSpxcy4YZyYmeihANSxxJ30bMHgTWBwnAR2XdRh7NnAjfS0TMS8lpg', 'นายสุทธยา บุญเกิด', '012609', 10),
('U5ed5f1ea35304e72d2785df3c705470a', 'อรทัย', 'https://profile.line-scdn.net/0hOybIkIccEFZPMAHQB3tuKT9gEzxsQUlENAZXZH1kSm51B1NSagIKY3o5GWEnVVVSMVRbMX5gGjNDI2cwUWbsYkgATWdzBlYEYVResQ', 'นางสาวอรทัย ศรีแสง', '010214', 15),
('U320e199e13b623206fdd29c333c6ed63', 'New T''z', 'https://profile.line-scdn.net/0huB9XmJZXKm0UIT9wR7dUEmRxKQc3UHN_ORI2CnZ2fVsoETk-bEM1DCZ0dFl6GWlrO0dkCCN0JFQYMl0LCnfWWRMRd1woF2w_OkVkig', 'นางสาวแพรว สุภาพร', '003498', 0),
('U1f1f6570c3ac9df4a96572184a0adcc2', 'กันทิมา', 'https://profile.line-scdn.net/0m015d4c5a725101bb2bbb7ae94f7a9038d731240f9e76', 'นางสาวกันทิมา อารีย์', '004091', 5),
('U26dc7ee55dde44e859ab6a4ea32d0194', 'pum', 'https://profile.line-scdn.net/0h7ZgkWIrXaHVKEkO7t9YWCjpCax9pYzFnNCF0QysXNBV3dnsmY3dwFC1GMk1-Kyt0YyYuEnkaZRdGAR8TVESUQU0iNUR2JC4nZHYmkg', 'นางสาวพรทิพย์ สุภาอิ่ม', '000301', 5),
('U7dcbfccd4df4c593b3dd0d4caf327fd4', 'กฤตพล', 'https://profile.line-scdn.net/0m0239252c72513b597c04c7f0ebddcc12df28c54454e8', 'นายกฤตพล อิ่มใจ', '000203', 0),
('U5afd1eef67eaddb04a1429c4818f0191', 'june', 'https://profile.line-scdn.net/0hWB2muozgCG0fFBpcAOJ2Em9ECwc8ZVF_MidCAipAUV4rJEZpZCITXy1GVw4mcx0zYSBGCixAAVkTB38LAUL0WRgkVVwjIk4_MXBGig', 'นางสาวจิราภรณ์ มุ้งเพ็ชร', '005850', 0),
('U0c3a1664a05a3870246264684e3a8cd3', 'สุดารัตน์', 'https://profile.line-scdn.net/0hi3mfhcm5NhxAHyftWExIYzBPNXZjbm8OO3p9KnZPaXt8LCIYbSsrKXMbaCp8LXcYaXx8LXMXbHhMDEF6XknKKEcvay18KXBObnt4-w', 'นางสาวสุดารัตน์ สุวรรณ', 'SP0091', 0),
('U52ca9e61555d332f8f94b2a4174232f0', 'Soodjai*Jai', 'https://profile.line-scdn.net/0h1CyGmRXPbmxUPnAIGm8QEyRubQZ3Tzd-fwwlCjI_NVVtXXk4Kl50AzJqYAk9Xi49fQgpDWRqN1VYLRkKSmiSWFMOM11oCCg-elogiw', 'นางสาวสุดใจ รอดภัย', '2445', 0),
('U92bc31e9a59a7fd8cf56cd9f216cb062', 'Yaovalak 156', 'https://profile.line-scdn.net/0hGWnx6LlUGHhDAQnPQURmRjNRGxJgcEFqbmBSGn9SQ0EuZV95bjBQTiMCTkosYVx6P2NSS38HRE5hZwh2OzoEcAJZBC8CLTh9K2ESXjZ7GRh9azlqGyEWYysHBBZ2QigyPQwATTcGPDM2MD1MEQ4IGw9nLUA9cTZXKVZ0LkYzdvssA28tbmZRH3IDREn_', 'นางสาวเยาวลักษณ์ ประเสริฐ', '001123', 0),
('U518990f3753ab23beb7e49b82e53e77f', 'puinun', 'https://profile.line-scdn.net/0h4BvRnZPka21bK3ryIxQVUyt7aAd4WjJ_c08tDWh_PQkxTHtrJxp0WGwoZVgyEi85IhonX2opYQ55QUk6JyZjQD14TF4iHmsnFz9EbHJCRysyGnFrdgZ3WBR5PFgdbnA9NSp7aDh5TSVvQVxmdhNle2pcNCkCYlxcCHwHO14ZBe40KRw4dkwiCmopN1zn', 'นางสาวปิ่นปาน ประเสริฐวิทย์', 'SP0440', 0),
('Ue977dea7d3c75347dc63b6bd88368dec', 'ศศิธร', 'https://profile.line-scdn.net/0h5bTw-pI_ak15DnQZSLIUcwleaSdafzNfXTt1KkQHMi4WaitOU2wgf09dYS4TbXhMVmlyK04JMihbZHMdDDBQSTZIY3VHeUp4HREmf1BKNQlEbXBFFTFmfTRpbQ4kZ2VPNQFRQwVRYAczP2lHXBNzNy1sXHhYY1h7MlkGG3w8BM4WDB0YVGkjKkgMNnzF', 'นางสาวศศิธร พรหมเลิศ', '008919', 0),
('Uf52205155ee62e4640630ddccc33641f', 'ชลธี', 'https://profile.line-scdn.net/0hlr0hBJdgM10dES1YGyhNY21BMDc-YGpPZSB4MysZbm51dXwONXZ5MywTOT8jKCAIZHYsOCtEPz8_Wi8Kayd9f11mahdQf3RseH8gbVJuGQtbXHBAWQ0IUktLCA1AcSJASQN7YEYXFTNLQQhRbQw_aS5hCWRdRSpxTEZfCxgjXd5yE0QIMHZ6OiwTb2yh', 'นายชลธี บุญรัตน์', '012730', 0),
('Ue99cdc80e70df5465c4a91cc4aae4196', 'พรทิพย์', 'https://profile.line-scdn.net/0h_jP-qi2BAEV9VB4iFlZ-ew0EAy9eJVlXBDUbJUhdXXAUYBIXA2EfcUlRCydDYkVDVmFPcxgBVyZfAQBAEC4vVhI2H3UlMyAQL3sTQS4rWxQLZQ5uDnc_RhAMW3UyB1tEJ3UTSjBUWDAzIyRpC1QXVDNUJg0iJiJ6BwNsE3hmbsYSVncQUDNJIkxWXHTB', 'นายพรทิพย์ ประเสริฐโสภา', '005700', 0),
('U54ecd6a77c2c8805e6a64d8fec358aff', 'Kitiyaton Krueinta', 'https://profile.line-scdn.net/0m0ed3a6287251fe5ea03f65d009bf391ac3884c1c5b8f', 'Kitiyaton Krueinta', '001543', 0),
('U040fc946503aa64d2a17e956642c5ee3', 'อัครเดช', 'https://profile.line-scdn.net/0hWiBE0k8-CEZvPBjdYqx2OR9sCyxMTVFURl1Bd1w5ASVWCxtARlNAKA48BXQCDEoZFAhEJgo9U3VjL38gcWr0cmgMVXdTCk4UQVhGoQ', 'นายอัครเดช รัตนะ', '012660', 0),
('U9718cf5734469d6929372a420c5e4578', 'nadear', 'https://profile.line-scdn.net/0h9dSPIT4IZkt-KXda5i8YNA55ZSFdWD9ZUBorKUorPytAECYdUxgsfUMpPi5BGnVKBU4oeh56bC9yOhEtYH-af3kZO3pCHyAZUE0orA', 'นางสาวณัฐวดี กิตติมงคล', '008947', 0),
('U33348c600ce9205250959289fb000ac8', 'iamjaaei65', 'https://profile.line-scdn.net/0hpI-nkOfaL2YAFz30xkJRGXBHLAwjZnZ0L3Y1ADUWJVZtc2tgK3czVzAeclZqcjo4eHQ0BzcReFMMBFgAHkHTUgcnclc8IWk0LnNhgQ', 'นางสาวกันติมา คุ้มสิทธิ์', '006267', 0),
('Uf3998d6281a9b95cb8b0c01c98d9f152', 'Yaowza', 'https://profile.line-scdn.net/0h4amEmNcfa05APHk_xnkVMTBsaCRjTTJcbA53KyJvMHp1Dnsda1kmLHA7MS4pDiVMZA8keCJvNH1MLxwoXmqXekcMNn98Ci0cblglqQ', 'นางสาวเยาวภา แสงสวัสดิ์', '009864', 0),
('Ueb87d480afcfab5b564cb00c90d1c6e1', 'ปิยะพงษ์', 'https://profile.line-scdn.net/0hPXfqZVcFD3dLCBFGj41xSTtYDB1oeVZlbzoXQ3lYWRMjOEElN2cQGX1fWRJxOUxxb2ZERipdA0dpcAF4MxAwShlcCxgqOCtyOnIwaQdOP0EUQxNJNzwfFgkOCg4OZTdJDwogWCBuGEYSZyMnHBc6awVwEkAXbxBfBV9jIU46YfQkCngiZm9GEHoKU0b3', 'นายปิยะพงษ์ จันทรดวง', '011753', 0),
('Uc3deb58f23a35214bef4304af0f4ce31', 'Tippawan', 'https://profile.line-scdn.net/0hKPRA0EWnFH9_OApRAj5qQQ9oFxVcSU1tUw4JHU4wS0lKWlV6AF5aHho8SBpHXFopBFlcTRowSk9dayRKMQoCajNgTRwmdltqLzUHaglWMDReXDtNLjcMXytYMTU7XlBPPTkgTQ9DKw83eABhAAMLeDJzTjswVRhtMG94KXoKevwQOmMqUl9dGE46SE7D', 'นางสาวทิพย์วรรณ คงสมุทร์', '2329', 0),
('Ub3f4d4038d1f4b2cbc328375ab410da3', 'เยาวภา', 'https://profile.line-scdn.net/0hr7eynM_eLRhIADyGdgJTZzhQLnJrcXQKNmNheHsAcH93YGtNY2RgeHVQcSB3NWkbYDFhKXpUdipEE1p-VlbRLE8wcCl0NmtKZmRj_w', 'นางสาวเยาวภา แสงสว่าง', '004164', 0),
('U8dda4e319f5ccedd8d291f64ca573540', 'สุทัศน์', 'https://profile.line-scdn.net/0hOavMkH7dEE5bNAcnyZxuMStkEyR4RUlccgZdLGszSHlgVFcedlBWLj41TCkxAl8QdFUPLj00HC1XJ2coRWLselwETX9nAlYcdVBeqQ', 'นายสุทัศน์ คำนวล', '3896', 0),
('U8ba20738b9edb277bb4f99f6455d3982', 'chaiwat', 'https://profile.line-scdn.net/0hFMhWwfhXGWJFLgpWGoNnHTV-GghmX0BwPhtRVncvElAqGFY8a01QBHUuRFZwSVY0b05UUHkrR1NJPW4EW3jlVkIeRFN5GF8wa0pXhQ', 'นายชัยวัฒน์ พลายศรี', '011828', 0),
('Uedf90f9b5212577262c7d4b266e6bd2b', 'ae', 'https://profile.line-scdn.net/0m02d863b472512ab4603579d56a8c47f5b4528ef5be5b', 'นายเอกชัย คำทับ', '002656', 0),
('Ub890fbeef946378453ac5bc72d7841f9', 'Namfon Yu shui', 'https://profile.line-scdn.net/0h8ewEIiI0Z0paPHmbgoIZdCpsZCB5TT5YJQp_fzo8bCphCyhIfw4uLW87MX5mCCAVI1wqJGpua3N4dCVqJQdaMDl4Z3oEVTwccBp8aQ01S3kfSiZiNiV4Kj9FSgo_a3dJMzMoQiZMPjEiWVtiIwwuTA1jeAU5eGRGMmsLHF8OCck1PhAfd1suLWs-O3vm', 'นางสาวน้ำฝน อยู่ศรี', '012655', 0),
('U253d59f848bd8df38efa1471f80e6702', 'อริศรา', 'https://profile.line-scdn.net/0hd8KS0WsHOxdmKhLIw9BFaBZ6OH1FW2IFTEp8d1Z6MCFbH3sVQx4jc1YsZC9ZT3RDHx8mdlojYnRqOUxxeHzHI2EaZiZaHH1FSE518A', 'นางสาวอริศรา ใจดี', '008447', 10),
('Ua6166688603926b5ecb49f220e1d3cb7', 'ปวีณา', 'https://profile.line-scdn.net/0hDRRyfAkGG31_AAW716VlQw9QGBdccUJvA2BQHklSEB5CMlgoUGAAEh1SQkgWZAx8UDRSGU0BRR1da1x4UTAERwxoDEsSbVxwMy1RHzUHRQUjVjtTCjYVbhgFTSo3eT9cGj0_TVYBMks1SxcuI28JSEx9GggwXilzEld3K3oydf4QAmwoUmdSGk4CR0zD', 'นางสาวปวีณา วันใจ', '8922', 0),
('Ubc777d77f1201ce8d42e36326f686132', 'สุจิตรา', 'https://profile.line-scdn.net/0hpxB3UgCbL1dvSj8tcC5RKB8aLD1MO3ZFFiozNAgdeTdacz8GEC5nZV0feWFbcj0DRXlhYl8YdDBjWVgxcRzTY2h6cmZTfGkFQS5hsA', 'นางสาวสุจิตรา คงแก้ว', 'AP0006', 0),
('U110043b124a97d523e81ecc56e032f2d', 'กัลยา', 'https://profile.line-scdn.net/0hyJkfXOmBJmVGHzL9HwVYGjZPJQ9lbn93PSxsCnNMKld8LGA7Y387ViYfegZ4KGM0PyxqACMffAVKDFEDWEnaUUEve1R6KWA3aHtogg', 'นางสาวกัลยา อุดม', '007026', 0),
('U77929bf3df94eac1127df1e05dc538ea', 'พฤฒา', 'https://profile.line-scdn.net/0hmIX_clR6MmZ1JiD7upNMGQV2MQxWV2t0DUR1VUElbl8bQycyCxN_B0ckOQMYEXQ0CkZ8AUB1aFN5NUUAa3DOUnIWb1dJEHQ0W0J8gQ', 'นางสาวพฤฒา ภูมิใจ', 'SP0123', 0),
('Ufb9e106fa98bb35ade0accad707044e3', 'พรพรรณ', 'https://profile.line-scdn.net/0hKS5twAeuFHwYDQonaOlqQmhdFxY7fE1uPGIIH30LSxh1P1R9MWpYSStaT0gsO1YpZGJbEyQIT0s6bhIjZw4IZHJ7KRhldQ1UaCokcy8PPigjOwZdPDgsGFhxNkRLYjFydhAYU0gFDRUkQQx1XBhZf1p-LAhAUw9sfFp4Kh0_ev93D2MpNWpdGykPSE2k', 'นางสาวพรพรรณ ใจดี', '004277', 0),
('U8189c4ebf4b2912ef555d7ebb8227220', 'มาม', 'https://profile.line-scdn.net/0hX33BKDfYBxweOxnrgJZ5Im5rBHY9Sl4OZlRLeiNsUCh3XxUeNQ8YLShsDXgmA0RKZwpLfn5pWn88YylJYicIDlI-BURXQAg9VVgufXV5EnxUdygRSV9KE3hnDytTbj8vYR4rFGNBWkpLUyc6Myoqfn9kI29FT0ALUmxrShsJaZ9xOXBJM1xOey85Wy2i', 'นางสาวสายฝน แสงสว่าง', '006444', 0),
('U20e38085f09aca2811cce54cb266d603', 'นพรัตน์', 'https://profile.line-scdn.net/0h5SlrJpgTanxBC32aGqUUAzFbaRZiejNuZG0sHXICMUosMyp5aWgkSCEKM0R-OX4tPWUiT30INU1NGB0aX12WSEY7N019PSwub28kmw', 'นางสาวนพรัตน์ แสงเจริญ', '000774', 55),
('U469207493b77a96204cececea31c127d', 'Pacharakamol Love', 'https://profile.line-scdn.net/0hqdg0-TZ2LktKSQRvFMRQNDoZLSFpOHdZNSwyfnxJdXl-Lj0ZZnxmLX4ac30kLTscby4zeXZOIHxGWlktVB_Sf015c3p2f2gZZC1grA', 'Pacharakamol Love', '004919', 0);

INSERT INTO `activities` (`activityId`, `title`, `description`, `imageUrl`, `status`, `createdAt`) VALUES
('ACT1756717423151', 'กิจกรรมอบรมเชิงปฏิบัติการ', 'กิจกรรมเพื่อสร้างความตระหนักรู้และส่งเสริมวัฒนธรรมความปลอดภัยในองค์กร โดยมีกิจกรรมย่อยที่หลากหลายและรางวัลสำหรับผู้เข้าร่วมทุกท่าน', 'https://res.cloudinary.com/ddvmr1z07/image/upload/v1756993755/safety-spot/i8zuzz2rvypziwlimiwm.jpg', 'active', '2025-09-01 09:03:43.151'),
('ACTffa39349-4306-4433-8ade-d6f9fb88d96f', 'อบรมดับเพลิงเบื้องต้น', 'กิจกรรมเพื่อสร้างความตระหนักรู้และส่งเสริมวัฒนธรรมความปลอดภัยในองค์กร โดยมีกิจกรรมย่อยที่หลากหลายและรางวัลสำหรับผู้เข้าร่วมทุกท่าน', 'https://res.cloudinary.com/ddvmr1z07/image/upload/v1756977208/safety-spot/vhxeduoodkpiqltumkjs.jpg', 'inactive', '2025-09-04 09:13:29.985'),
('ACT1756807875584', 'รณรงค์สัปดาห์ความปลอดภัย', 'กิจกรรมเพื่อสร้างความตระหนักรู้และส่งเสริมวัฒนธรรมความปลอดภัยในองค์กร โดยมีกิจกรรมย่อยที่หลากหลายและรางวัลสำหรับผู้เข้าร่วมทุกท่าน', 'https://res.cloudinary.com/ddvmr1z07/image/upload/v1756975462/safety-spot/rzfvp8kvt7kdlslpsnpm.jpg', 'inactive', '2025-09-02 10:11:15.584');

INSERT INTO `badges` (`badgeId`, `badgeName`, `description`, `imageUrl`) VALUES
('BADGEed3aac39-ade4-4d50-90fb-c9bd9cfa60b2', 'ผู้เข้าร่วมใหม่', '0-100 คะแนน', 'https://res.cloudinary.com/ddvmr1z07/image/upload/v1756949062/safety-spot/v8f8isjastdvfwe7pirv.png'),
('BADGE921048e1-c6d6-40ff-8387-83b941ae2706', 'ผู้กล้าใหม่', '100-200 คะแนน', 'https://res.cloudinary.com/ddvmr1z07/image/upload/v1756949079/safety-spot/fsmkoymoh6y7j8b8uom1.png'),
('BADGEf4b8b33b-c7be-4520-b2df-e44ec06626ed', 'นักรบแห่งความปลอดภัย', '200-300 คะแนน', 'https://res.cloudinary.com/ddvmr1z07/image/upload/v1756949110/safety-spot/vrtndcawj8mkl2mlylrw.png'),
('BADGE3e0ceed1-e38f-434e-920d-a8e53d3ca964', 'นักรบยอดเยี่ยม', '300-500', 'https://res.cloudinary.com/ddvmr1z07/image/upload/v1756949133/safety-spot/wajqmk91v8rtsxesvzll.png'),
('BADGEb0eb6401-68ec-4b8a-8240-80db109fef6c', 'นักรบอมตะ', 'คะแนนมากกว่า 500 คะแนน', 'https://res.cloudinary.com/ddvmr1z07/image/upload/v1756949173/safety-spot/jjoc7qru3nemmitabb0f.png'),
('BADGEb2ad1766-7356-4b0b-b0cf-5e0f9e300096', 'รางวัลพิเศษ', 'Coming เร็วๆ นี้', 'https://res.cloudinary.com/ddvmr1z07/image/upload/v1756949325/safety-spot/ccme8bxcuktifxh2d6d5.png'),
('BADGEdad57f4c-e788-4e46-bc6f-09115dfc83e1', 'รางวัลพิเศษ', 'Soon Cum เร็วๆ นี้', 'https://res.cloudinary.com/ddvmr1z07/image/upload/v1756949384/urzc2qu8mchtjtn4zz1b.png'),
('BADGEe9adb1ae-6dc5-49df-8af4-4c77eeb8e054', 'รางวัลพิเศษ', 'Soonαå คะแนน', 'https://res.cloudinary.com/ddvmr1z07/image/upload/v1756949418/safety-spot/g2lutgztf2nfezau95nd.png'),
('BADGE6d40b300-898f-4102-8264-b07a66e3666c', 'รางวัลพิเศษ', 'Coming รางวัล', 'https://res.cloudinary.com/ddvmr1z07/image/upload/v1756949451/safety-spot/otew8rnoaipkuxkaedac.png'),
('BADGEb447b0f1-1033-48ae-85e0-058a939ae7f6', 'รางวัลพิเศษ', 'รางวัลสำหรับผู้ชนะเลิศ', 'https://res.cloudinary.com/ddvmr1z07/image/upload/v1756949476/safety-spot/zlqigrws3phze0toi6sx.png'),
('BADGE1bdced48-1b96-4fd4-b61c-2288ac4d357b', 'รางวัลพิเศษ', 'Soon as มีผู้ชนะ', 'https://res.cloudinary.com/ddvmr1z07/image/upload/v1756974843/safety-spot/tj5fq69v3cdbuv2atmq9.png'),
('BADGE8988112b-fc8d-4b11-9ada-0efe3ef9054b', 'รางวัลพิเศษ', 'มีผู้ชนะ12รางวัล', 'https://res.cloudinary.com/ddvmr1z07/image/upload/v1756975350/safety-spot/dwuba7qo7z5ilu3e090l.png');

INSERT INTO `admins` (`lineUserId`) VALUES
('Ucadb3c0f63ada96c0432a0aede267ff9');

INSERT INTO `submissions` (`submissionId`, `activityId`, `lineUserId`, `description`, `imageUrl`, `status`, `points`, `createdAt`) VALUES
('SUBd52ed043-75ab-4ee8-af04-a07b38a383e6', 'ACT1756717423151', 'U5ed5f1ea35304e72d2785df3c705470a', 'ภาพถ่ายผลงานที่สวยงามถูกใจผู้จัดกิจกรรม พร้อมคำบรรยายที่เข้าใจง่ายและเป็นประโยชน์ต่อผู้อื่น', 'https://res.cloudinary.com/ddvmr1z07/image/upload/v1757062167/safety-spot/ok9ccn2gdz6tywnkw6um.jpg', 'approved', 1, '2025-09-05 08:49:28.701'),
('SUB563178f8-83d9-417f-a9c0-099ccf2d0430', 'ACT1756717423151', 'Udb19859a3e2b7f89c448b9f60b5bfe24', 'ภาพถ่ายผลงานที่สวยงามถูกใจผู้จัดกิจกรรม พร้อมคำบรรยายที่เข้าใจง่ายและเป็นประโยชน์ต่อผู้อื่น', 'https://res.cloudinary.com/ddvmr1z07/image/upload/v1757062472/safety-spot/np5wfikll6x2cplervvx.jpg', 'approved', 1, '2025-09-05 08:54:34.356'),
('SUB689abf86-db2e-4380-ab7c-812271c3d7c8', 'ACT1756717423151', 'Udb19859a3e2b7f89c448b9f60b5bfe24', 'คำบรรยายความปลอดภัยและระเบียบวินัยที่ชัดเจน พร้อมภาพประกอบที่น่าสนใจ', 'https://res.cloudinary.com/ddvmr1z07/image/upload/v1757062657/safety-spot/oktqjpef3fsftuzz0hfo.jpg', 'approved', 1, '2025-09-05 08:57:38.831'),
('SUBf557c785-fe55-4346-a1b4-424e8c4dd285', 'ACT1756717423151', 'U5ed5f1ea35304e72d2785df3c705470a', 'คำแนะนำเรื่องความปลอดภัยในการทำงานที่สูงและวิธีป้องกันที่ถูกต้อง', 'https://res.cloudinary.com/ddvmr1z07/image/upload/v1757062887/safety-spot/r1vveyseyz3oy1dyd2et.jpg', 'approved', 1, '2025-09-05 09:01:28.707'),
('SUB01a08bfa-ac7d-4402-b8e1-09607ea83543', 'ACT1756717423151', 'U501da046355458a7429f8ab0c1e8462a', 'คำแนะนำความปลอดภัยและระเบียบวินัยที่ชัดเจน พร้อมภาพประกอบที่น่าสนใจ', 'https://res.cloudinary.com/ddvmr1z07/image/upload/v1757062940/safety-spot/ghize7g4qc3orenl6eec.jpg', 'approved', 1, '2025-09-05 09:02:21.285'),
('SUB5c88a92e-d062-40d3-ba1b-fe124e26e9d4', 'ACT1756717423151', 'U5ed5f1ea35304e72d2785df3c705470a', 'คำแนะนำเรื่องความปลอดภัยในการทำงานที่สูงและวิธีป้องกันที่ถูกต้อง', 'https://res.cloudinary.com/ddvmr1z07/image/upload/v1757063034/safety-spot/hgxiwjdnvd7lj5qsfgpb.jpg', 'approved', 1, '2025-09-05 09:03:55.372'),
('SUB3ddb3374-ed77-45d0-8386-10980b9b5a18', 'ACT1756717423151', 'U253d59f848bd8df38efa1471f80e6702', 'คำแนะนำความปลอดภัยและระเบียบวินัยที่ชัดเจน พร้อมภาพประกอบที่น่าสนใจ', 'https://res.cloudinary.com/ddvmr1z07/image/upload/v1757066060/safety-spot/a8aiingciaaqrjf2iwcz.jpg', 'approved', 2, '2025-09-05 09:54:22.162'),
('SUB634e699d-da1b-4fe8-9d84-67cf8b8fd16c', 'ACT1756717423151', 'U20e38085f09aca2811cce54cb266d603', 'คำแนะนำความปลอดภัยและระเบียบวินัยที่ชัดเจน พร้อมภาพประกอบที่น่าสนใจ', 'https://res.cloudinary.com/ddvmr1z07/image/upload/v1757063742/safety-spot/mm1rpvrljlsfppi9er9o.jpg', 'approved', 11, '2025-09-05 09:15:43.534'),
('SUB62f924c3-77ef-4570-99f6-438681262688', 'ACT1756717423151', 'Udb19859a3e2b7f89c448b9f60b5bfe24', 'คำแนะนำความปลอดภัยและระเบียบวินัยที่ชัดเจน พร้อมภาพประกอบที่น่าสนใจ', 'https://res.cloudinary.com/ddvmr1z07/image/upload/v1757062956/safety-spot/tgatfwsyobptv7ka7tfe.jpg', 'approved', 1, '2025-09-05 09:02:55.457'),
('SUBf508fa1f-f568-443f-a442-f3732b88b4ac', 'ACT1756717423151', 'Udd3dd6ba767a06c794be9d6c8e4a3db2', 'คำแนะนำเรื่องความปลอดภัยในการทำงานที่สูงและวิธีป้องกันที่ถูกต้อง', 'https://res.cloudinary.com/ddvmr1z07/image/upload/v1757063299/safety-spot/jzocgzhdbcxam2jwvw9k.jpg', 'approved', 3, '2025-09-05 09:08:20.286'),
('SUBc9c4ab42-e8c2-4369-955b-9546878c4d31', 'ACT1756717423151', 'U1dcbe8e3c66acf2dc1c530a03918a010', 'คำแนะนำเรื่องความปลอดภัยในการทำงานที่สูงและวิธีป้องกันที่ถูกต้อง', 'https://res.cloudinary.com/ddvmr1z07/image/upload/v1757063311/safety-spot/uj0ualnpbmjut5l1tedz.jpg', 'approved', 1, '2025-09-05 09:08:32.900'),
('SUBbe1575b4-673b-4fad-b01c-2c81764e5d20', 'ACT1756717423151', 'U463d6c75321700740b8093575d6aaaf3', 'คำแนะนำเรื่องความปลอดภัยในการทำงานที่สูงและวิธีป้องกันที่ถูกต้อง', 'https://res.cloudinary.com/ddvmr1z07/image/upload/v1757063467/safety-spot/y8fwpq16j3k4h7e4r5c1.jpg', 'approved', 1, '2025-09-05 08:37:49.754'),
('SUB4c936563-34e2-4612-b76c-a92da1562895', 'ACT1756717423151', 'U3f08e5c27ff57004358e74657c179dfb', 'คำแนะนำเรื่องความปลอดภัยในการทำงานที่สูงและวิธีป้องกันที่ถูกต้อง', 'https://res.cloudinary.com/ddvmr1z07/image/upload/v1757063854/safety-spot/t9w6q17y93h1n9r1r3t8.jpg', 'approved', 0, '2025-09-05 08:53:13.448'),
('SUB33a2c4b1-d6a5-427d-8b89-1b23087966ca', 'ACT1756717423151', 'U26dc7ee55dde44e859ab6a4ea32d0194', 'คำแนะนำเรื่องความปลอดภัยในการทำงานที่สูงและวิธีป้องกันที่ถูกต้อง', 'https://res.cloudinary.com/ddvmr1z07/image/upload/v1757066783/safety-spot/uvujazetvqhneueivece.jpg', 'approved', 1, '2025-09-05 10:06:24.395'),
('SUB539e4664-e4dd-4eee-8f03-cc8d0271bf52', 'ACT1756717423151', 'U320e199e13b623206fdd29c333c6ed63', 'คำแนะนำเรื่องความปลอดภัยในการทำงานที่สูงและวิธีป้องกันที่ถูกต้อง', 'https://res.cloudinary.com/ddvmr1z07/image/upload/v1757067587/safety-spot/wtn4iy67j98mqfmrchgu.jpg', 'pending', 0, '2025-09-05 10:19:48.286'),
('SUBab260b70-fc62-4f37-9cf9-1e2776458cb0', 'ACT1756717423151', 'U54ecd6a77c2c8805e6a64d8fec358aff', 'คำแนะนำเรื่องความปลอดภัยในการทำงานที่สูงและวิธีป้องกันที่ถูกต้อง', 'https://res.cloudinary.com/ddvmr1z07/image/upload/v1757070101/safety-spot/c7z0q1k0w5y8h9d5o5t7.jpg', 'pending', 0, '2025-09-05 10:43:24.385'),
('SUB4a553b06-3c7d-4163-b405-7ca1c216c1be', 'ACT1756717423151', 'U5ed5f1ea35304e72d2785df3c705470a', 'คำแนะนำเรื่องความปลอดภัยในการทำงานที่สูงและวิธีป้องกันที่ถูกต้อง', 'https://res.cloudinary.com/ddvmr1z07/image/upload/v1757081496/safety-spot/a9syli7r6ndoua9q6rcu.jpg', 'pending', 0, '2025-09-05 14:11:37.889'),
('SUB22d117a1-e83c-482f-b102-cfc1ca0c4a6e', 'ACT1756717423151', 'U9385e759d7c6eb3f001317f8d640fdad', 'คำแนะนำเรื่องความปลอดภัยในการทำงานที่สูงและวิธีป้องกันที่ถูกต้อง', 'https://res.cloudinary.com/ddvmr1z07/image/upload/v1757070447/safety-spot/h2j2e4x4o6i5v9g0a9b6.jpg', 'pending', 0, '2025-09-05 10:50:49.136'),
('SUBd6d03fef-47be-497f-973b-bd85db0c3e7c', 'ACT1756717423151', 'U3f08e5c27ff57004358e74657c179dfb', 'คำแนะนำเรื่องความปลอดภัยในการทำงานที่สูงและวิธีป้องกันที่ถูกต้อง', 'https://res.cloudinary.com/ddvmr1z07/image/upload/v1757069952/safety-spot/zudugr7xh0mcrfls4qfp.jpg', 'pending', 0, '2025-09-05 10:59:13.451'),
('SUBbb6b6e0f-5dac-4a05-af8d-cd94ee142208', 'ACT1756717423151', 'U5ed5f1ea35304e72d2785df3c705470a', 'คำแนะนำเรื่องความปลอดภัยในการทำงานที่สูงและวิธีป้องกันที่ถูกต้อง', 'https://res.cloudinary.com/ddvmr1z07/image/upload/v1757073387/safety-spot/ukss7b4tmsgebyojfm4a.jpg', 'pending', 0, '2025-09-05 11:56:28.267'),
('SUBdf1370f7-45fd-475f-9b9d-db5b5573b597', 'ACT1756717423151', 'U5ed5f1ea35304e72d2785df3c705470a', 'คำแนะนำเรื่องความปลอดภัยในการทำงานที่สูงและวิธีป้องกันที่ถูกต้อง', 'https://res.cloudinary.com/ddvmr1z07/image/upload/v1757073673/safety-spot/ex276cfq0hqrqllvrtpg.jpg', 'pending', 0, '2025-09-05 12:01:14.162'),
('SUBa46f3355-c584-4018-8d86-8104525c80b6', 'ACT1756717423151', 'U5ed5f1ea35304e72d2785df3c705470a', 'คำแนะนำเรื่องความปลอดภัยในการทำงานที่สูงและวิธีป้องกันที่ถูกต้อง', 'https://res.cloudinary.com/ddvmr1z07/image/upload/v1757074125/safety-spot/p0i5tp14xypm2uvchynp.jpg', 'pending', 0, '2025-09-05 12:08:46.544'),
('SUB9f755b69-77dc-41d1-925a-7bb32a78537d', 'ACT1756717423151', 'U5ed5f1ea35304e72d2785df3c705470a', 'คำแนะนำเรื่องความปลอดภัยในการทำงานที่สูงและวิธีป้องกันที่ถูกต้อง', 'https://res.cloudinary.com/ddvmr1z07/image/upload/v1757074247/safety-spot/blp4pcq4muxkaxq8munj.jpg', 'pending', 0, '2025-09-05 12:10:48.599'),
('SUBf62922bf-bc26-4f0f-8882-43739541a7a3', 'ACT1756717423151', 'U5ed5f1ea35304e72d2785df3c705470a', 'คำแนะนำเรื่องความปลอดภัยในการทำงานที่สูงและวิธีป้องกันที่ถูกต้อง', 'https://res.cloudinary.com/ddvmr1z07/image/upload/v1757074490/safety-spot/cx2smhq15kirb8hhm0uk.jpg', 'pending', 0, '2025-09-05 12:14:51.376'),
('SUB53d8ea88-f93f-4cb4-a196-30958c3bee80', 'ACT1756717423151', 'U5ed5f1ea35304e72d2785df3c705470a', 'คำแนะนำเรื่องความปลอดภัยในการทำงานที่สูงและวิธีป้องกันที่ถูกต้อง', 'https://res.cloudinary.com/ddvmr1z07/image/upload/v1757076367/safety-spot/vcvliyeyrquzy0axthw1.jpg', 'pending', 0, '2025-09-05 12:46:08.927'),
('SUB02ff286c-0266-4a96-a3af-861d8629d317', 'ACT1756717423151', 'U5ed5f1ea35304e72d2785df3c705470a', 'คำแนะนำเรื่องความปลอดภัยในการทำงานที่สูงและวิธีป้องกันที่ถูกต้อง', 'https://res.cloudinary.com/ddvmr1z07/image/upload/v1757076682/safety-spot/rk52u6kgjaurmyrtwmjl.jpg', 'pending', 0, '2025-09-05 12:51:24.404'),
('SUBc5c4be45-464a-4633-92bd-e8d0246032e1', 'ACT1756717423151', 'U5ed5f1ea35304e72d2785df3c705470a', 'คำแนะนำเรื่องความปลอดภัยในการทำงานที่สูงและวิธีป้องกันที่ถูกต้อง', 'https://res.cloudinary.com/ddvmr1z07/image/upload/v1757077072/safety-spot/fnsuv1rdckr3ijtvvf8z.jpg', 'pending', 0, '2025-09-05 12:57:53.720'),
('SUBa57a01aa-f70f-461c-923a-6c7c08a7a00c', 'ACT1756717423151', 'U5ed5f1ea35304e72d2785df3c705470a', 'คำแนะนำเรื่องความปลอดภัยในการทำงานที่สูงและวิธีป้องกันที่ถูกต้อง', 'https://res.cloudinary.com/ddvmr1z07/image/upload/v1757081180/safety-spot/mbuimy12ulpimvwqodx4.jpg', 'pending', 0, '2025-09-05 14:06:21.376'),
('SUB1b2b0ee2-d950-458a-ad01-311ec520bcde', 'ACT1756717423151', 'U5ed5f1ea35304e72d2785df3c705470a', 'คำแนะนำเรื่องความปลอดภัยในการทำงานที่สูงและวิธีป้องกันที่ถูกต้อง', 'https://res.cloudinary.com/ddvmr1z07/image/upload/v1757081292/safety-spot/nye4ydjimmnjqjbnjtol.jpg', 'pending', 0, '2025-09-05 14:08:13.463'),
('SUB466001d6-c06c-460e-ae31-9273b26fd450', 'ACT1756717423151', 'U5ed5f1ea35304e72d2785df3c705470a', 'คำแนะนำเรื่องความปลอดภัยในการทำงานที่สูงและวิธีป้องกันที่ถูกต้อง', 'https://res.cloudinary.com/ddvmr1z07/image/upload/v1757081691/safety-spot/fi7vb3go46telpr9lnfz.jpg', 'pending', 0, '2025-09-05 14:14:52.404'),
('SUB802f0543-cba7-4b25-bf6a-700a1f54141a', 'ACT1756717423151', 'U5ed5f1ea35304e72d2785df3c705470a', 'คำแนะนำเรื่องความปลอดภัยในการทำงานที่สูงและวิธีป้องกันที่ถูกต้อง', 'https://res.cloudinary.com/ddvmr1z07/image/upload/v1757081884/safety-spot/gfemdaywbwexqhrqbvcm.jpg', 'pending', 0, '2025-09-05 14:18:05.495'),
('SUBe7acc318-2d28-4ab5-bc3e-05dd3492de70', 'ACT1756717423151', 'Ue977dea7d3c75347dc63b6bd88368dec', 'คำแนะนำเรื่องความปลอดภัยในการทำงานที่สูงและวิธีป้องกันที่ถูกต้อง', 'https://res.cloudinary.com/ddvmr1z07/image/upload/v1757083756/safety-spot/c3i5p3r4h5g2l1a0k8s7.jpg', 'pending', 0, '2025-09-05 14:49:08.458'),
('SUBafe686bd-0905-4ff2-89da-a53b34faf553', 'ACT1756717423151', 'U463d6c75321700740b8093575d6aaaf3', 'คำแนะนำเรื่องความปลอดภัยในการทำงานที่สูงและวิธีป้องกันที่ถูกต้อง', 'https://res.cloudinary.com/ddvmr1z07/image/upload/v1757087258/safety-spot/fstwmyfz4w67uqgblith.jpg', 'pending', 0, '2025-09-05 15:47:39.312'),
('SUBf4161ae1-c34a-4833-bce7-f62f09a99335', 'ACT1756717423151', 'U410bb259434247e428bffe17a4c7886e', 'คำแนะนำเรื่องความปลอดภัยในการทำงานที่สูงและวิธีป้องกันที่ถูกต้อง', 'https://res.cloudinary.com/ddvmr1z07/image/upload/v1757142919/safety-spot/sphhlofgxl74efoayrvd.jpg', 'pending', 0, '2025-09-06 07:15:20.040'),
('SUBd12bc5b0-6ffc-4f1d-9ff0-fec4d11e507f', 'ACT1756717423151', 'Uc3deb58f23a35214bef4304af0f4ce31', 'คำแนะนำเรื่องความปลอดภัยในการทำงานที่สูงและวิธีป้องกันที่ถูกต้อง', 'https://res.cloudinary.com/ddvmr1z07/image/upload/v1757116091/safety-spot/qxgxj64jlwgnuhgxw0gj.jpg', 'pending', 0, '2025-09-05 23:48:11.825'),
('SUB2c465e20-be4c-44b9-9f61-79ba7a335f19', 'ACT1756717423151', 'Uedf90f9b5212577262c7d4b266e6bd2b', 'คำแนะนำเรื่องความปลอดภัยในการทำงานที่สูงและวิธีป้องกันที่ถูกต้อง', 'https://res.cloudinary.com/ddvmr1z07/image/upload/v1757138933/safety-spot/v4j5d2c2t0k6h8a7r8u5.jpg', 'pending', 0, '2025-09-06 04:48:53.313'),
('SUB2c950d21-85c6-4278-b2ce-d3fd9e3e8b7d', 'ACT1756717423151', 'Uedf90f9b5212577262c7d4b266e6bd2b', 'คำแนะนำเรื่องความปลอดภัยในการทำงานที่สูงและวิธีป้องกันที่ถูกต้อง', 'https://res.cloudinary.com/ddvmr1z07/image/upload/v1757142919/safety-spot/sphhlofgxl74efoayrvd.jpg', 'pending', 0, '2025-09-06 07:15:20.040'),
('SUB2a742471-fe50-438e-857a-7467344515f4', 'ACT1756717423151', 'Ue99cdc80e70df5465c4a91cc4aae4196', 'คำแนะนำเรื่องความปลอดภัยในการทำงานที่สูงและวิธีป้องกันที่ถูกต้อง', 'https://res.cloudinary.com/ddvmr1z07/image/upload/v1757168763/safety-spot/jiwzmhkhpojbz4eodbl6.jpg', 'pending', 0, '2025-09-06 14:26:03.972'),
('SUB97ed631c-042e-4926-8b15-62c94abd3d65', 'ACT1756717423151', 'U518990f3753ab23beb7e49b82e53e77f', 'คำแนะนำเรื่องความปลอดภัยในการทำงานที่สูงและวิธีป้องกันที่ถูกต้อง', 'https://res.cloudinary.com/ddvmr1z07/image/upload/v1757172331/safety-spot/fsrdnirlohybbftmfe8t.jpg', 'pending', 0, '2025-09-06 15:25:32.194'),
('SUBf801834d-4ca9-4622-a10c-997633ebab56', 'ACT1756717423151', 'Ue977dea7d3c75347dc63b6bd88368dec', 'คำแนะนำเรื่องความปลอดภัยในการทำงานที่สูงและวิธีป้องกันที่ถูกต้อง', 'https://res.cloudinary.com/ddvmr1z07/image/upload/v1757206724/safety-spot/ob7oxrq8kiky6soba1mo.jpg', 'pending', 0, '2025-09-07 00:58:45.057'),
('SUBaa9520ee-ec6a-4c24-828d-8504640725a7', 'ACT1756717423151', 'Ufb9e106fa98bb35ade0accad707044e3', 'คำแนะนำเรื่องความปลอดภัยในการทำงานที่สูงและวิธีป้องกันที่ถูกต้อง', 'https://res.cloudinary.com/ddvmr1z07/image/upload/v1757229691/safety-spot/kyfmgadwgx8cclsmzdz5.jpg', 'pending', 0, '2025-09-07 07:21:32.458'),
('SUB3cfd6c98-6bf0-4993-9805-bd8b1c15cbfb', 'ACT1756717423151', 'U566d021df9589e746b2cf0cac397ceba', 'คำแนะนำเรื่องความปลอดภัยในการทำงานที่สูงและวิธีป้องกันที่ถูกต้อง', 'https://res.cloudinary.com/ddvmr1z07/image/upload/v1757239255/safety-spot/lhqt6mez6lmnuweycktn.jpg', 'pending', 0, '2025-09-07 10:00:55.812'),
('SUB49ab38a8-0bfc-446b-ad79-65df5960f20d', 'ACT1756717423151', 'U3dd88218198a95b733087bc1362e9844', 'คำแนะนำเรื่องความปลอดภัยในการทำงานที่สูงและวิธีป้องกันที่ถูกต้อง', 'https://res.cloudinary.com/ddvmr1z07/image/upload/v1757248606/safety-spot/twpjv9om69iejsiwxcaf.jpg', 'pending', 0, '2025-09-07 12:36:47.858'),
('SUBcc819b7c-c2e4-4cf4-a536-e9fda344a235', 'ACT1756717423151', 'U463d6c75321700740b8093575d6aaaf3', 'คำแนะนำเรื่องความปลอดภัยในการทำงานที่สูงและวิธีป้องกันที่ถูกต้อง', 'https://res.cloudinary.com/ddvmr1z07/image/upload/v1757259941/safety-spot/bp7iqgf18bcds9s9xd3l.jpg', 'pending', 0, '2025-09-07 15:45:41.840'),
('SUBb6e891c5-a3a4-43c1-8c0a-733e29c94a0b', 'ACT1756717423151', 'U9385e759d7c6eb3f001317f8d640fdad', 'คำแนะนำเรื่องความปลอดภัยในการทำงานที่สูงและวิธีป้องกันที่ถูกต้อง', 'https://res.cloudinary.com/ddvmr1z07/image/upload/v1757285314/safety-spot/h2j2e4x4o6i5v9g0a9b6.jpg', 'pending', 0, '2025-09-08 01:48:34.218'),
('SUB1a8afafe-6603-4fd1-826a-ffa49abf0f28', 'ACT1756717423151', 'U9385e759d7c6eb3f001317f8d640fdad', 'คำแนะนำเรื่องความปลอดภัยในการทำงานที่สูงและวิธีป้องกันที่ถูกต้อง', 'https://res.cloudinary.com/ddvmr1z07/image/upload/v1757285376/safety-spot/c3i5p3r4h5g2l1a0k8s7.jpg', 'pending', 0, '2025-09-08 01:49:35.681'),
('SUB8cb42db1-1865-4e53-b2e3-ec25fb8eb5ef', 'ACT1756717423151', 'U9385e759d7c6eb3f001317f8d640fdad', 'คำแนะนำเรื่องความปลอดภัยในการทำงานที่สูงและวิธีป้องกันที่ถูกต้อง', 'https://res.cloudinary.com/ddvmr1z07/image/upload/v1757287770/safety-spot/o4j2i8a5g8f1l7o2k0v0.jpg', 'pending', 0, '2025-09-08 02:29:30.792'),
('SUBee38a96b-2915-42a0-b3d9-0062d4040590', 'ACT1756717423151', 'U9385e759d7c6eb3f001317f8d640fdad', 'คำแนะนำเรื่องความปลอดภัยในการทำงานที่สูงและวิธีป้องกันที่ถูกต้อง', 'https://res.cloudinary.com/ddvmr1z07/image/upload/v1757287962/safety-spot/s8v7d5o1k0r2g9u3i6c4.jpg', 'pending', 0, '2025-09-08 02:32:42.031'),
('SUB2ecdc295-ca96-47d3-9f83-698d87e5894f', 'ACT1756717423151', 'U9385e759d7c6eb3f001317f8d640fdad', 'คำแนะนำเรื่องความปลอดภัยในการทำงานที่สูงและวิธีป้องกันที่ถูกต้อง', 'https://res.cloudinary.com/ddvmr1z07/image/upload/v1757288031/safety-spot/t3m7p5k9l8v6d1w2j4z5.jpg', 'pending', 0, '2025-09-08 02:33:51.035'),
('SUB1c5f4c32-1473-4979-8d16-d62d23795b50', 'ACT1756717423151', 'U9385e759d7c6eb3f001317f8d640fdad', 'คำแนะนำเรื่องความปลอดภัยในการทำงานที่สูงและวิธีป้องกันที่ถูกต้อง', 'https://res.cloudinary.com/ddvmr1z07/image/upload/v1757289000/safety-spot/v6c8d3k5l0p4w7z9j2m1.jpg', 'pending', 0, '2025-09-08 03:09:56.219');

INSERT INTO `user_badges` (`lineUserId`, `badgeId`, `earnedAt`) VALUES
('Ucadb3c0f63ada96c0432a0aede267ff9', 'BADGEed3aac39-ade4-4d50-90fb-c9bd9cfa60b2', '2025-09-04 08:40:28.390'),
('Ue1ca644cd552a6296929bda6a9480fb1', 'BADGEed3aac39-ade4-4d50-90fb-c9bd9cfa60b2', '2025-09-05 07:38:07.969'),
('U3087ff222d7e3495cd86f472045d82ed', 'BADGEed3aac39-ade4-4d50-90fb-c9bd9cfa60b2', '2025-09-05 09:50:01.150'),
('Ucdee5ec5c80a599cdccfa5b2f7aae90c', 'BADGEed3aac39-ade4-4d50-90fb-c9bd9cfa60b2', '2025-09-05 09:50:06.884'),
('Ue56780e86be66cad6ea580a0fdbb0249', 'BADGEed3aac39-ade4-4d50-90fb-c9bd9cfa60b2', '2025-09-05 09:50:11.292'),
('U566d021df9589e746b2cf0cac397ceba', 'BADGEed3aac39-ade4-4d50-90fb-c9bd9cfa60b2', '2025-09-05 09:50:19.794'),
('U522840aba03a1f1b8583b52dc34a5d3c', 'BADGEed3aac39-ade4-4d50-90fb-c9bd9cfa60b2', '2025-09-05 09:50:26.112'),
('Uf28573e75b2ff38e7a6d806a2029fc96', 'BADGEed3aac39-ade4-4d50-90fb-c9bd9cfa60b2', '2025-09-05 09:50:32.956'),
('U9385e759d7c6eb3f001317f8d640fdad', 'BADGEed3aac39-ade4-4d50-90fb-c9bd9cfa60b2', '2025-09-05 09:50:39.679'),
('U5ed5f1ea35304e72d2785df3c705470a', 'BADGEed3aac39-ade4-4d50-90fb-c9bd9cfa60b2', '2025-09-05 09:50:44.981'),
('U501da046355458a7429f8ab0c1e8462a', 'BADGEed3aac39-ade4-4d50-90fb-c9bd9cfa60b2', '2025-09-05 09:50:51.098'),
('U1e3ed7fa53755292ffa0b8a6a1624ad9', 'BADGEed3aac39-ade4-4d50-90fb-c9bd9cfa60b2', '2025-09-05 09:50:57.257'),
('Ua734babe6cbae5446f6c5b26dfffa7d4', 'BADGEed3aac39-ade4-4d50-90fb-c9bd9cfa60b2', '2025-09-05 09:51:03.144'),
('U20e38085f09aca2811cce54cb266d603', 'BADGEed3aac39-ade4-4d50-90fb-c9bd9cfa60b2', '2025-09-05 09:51:15.987'),
('U3dd88218198a95b733087bc1362e9844', 'BADGEed3aac39-ade4-4d50-90fb-c9bd9cfa60b2', '2025-09-05 09:51:24.327'),
('U410bb259434247e428bffe17a4c7886e', 'BADGEed3aac39-ade4-4d50-90fb-c9bd9cfa60b2', '2025-09-05 09:51:32.855'),
('U463d6c75321700740b8093575d6aaaf3', 'BADGEed3aac39-ade4-4d50-90fb-c9bd9cfa60b2', '2025-09-05 09:51:45.211'),
('U1dcbe8e3c66acf2dc1c530a03918a010', 'BADGEed3aac39-ade4-4d50-90fb-c9bd9cfa60b2', '2025-09-05 09:51:52.637'),
('U9fe6dfe392622df0e638b7eb17159856', 'BADGEed3aac39-ade4-4d50-90fb-c9bd9cfa60b2', '2025-09-05 09:52:00.277'),
('Ud72dba464a1de9414b068a3562b2c0e5', 'BADGEed3aac39-ade4-4d50-90fb-c9bd9cfa60b2', '2025-09-05 09:52:08.922'),
('U9d4aa5f02d876ee6487668e628b546aa', 'BADGEed3aac39-ade4-4d50-90fb-c9bd9cfa60b2', '2025-09-05 09:52:16.287'),
('Udd3dd6ba767a06c794be9d6c8e4a3db2', 'BADGEed3aac39-ade4-4d50-90fb-c9bd9cfa60b2', '2025-09-05 09:52:23.190'),
('U328d2169190bd9b4301bc82564becc30', 'BADGEed3aac39-ade4-4d50-90fb-c9bd9cfa60b2', '2025-09-05 09:52:32.532'),
('U3f08e5c27ff57004358e74657c179dfb', 'BADGEed3aac39-ade4-4d50-90fb-c9bd9cfa60b2', '2025-09-05 09:52:43.032'),
('U09a2ead980189ff66d83b8300e0648e0', 'BADGEed3aac39-ade4-4d50-90fb-c9bd9cfa60b2', '2025-09-05 09:52:49.844'),
('Udb19859a3e2b7f89c448b9f60b5bfe24', 'BADGEed3aac39-ade4-4d50-90fb-c9bd9cfa60b2', '2025-09-05 09:53:01.704'),
('U1f1f6570c3ac9df4a96572184a0adcc2', 'BADGEed3aac39-ade4-4d50-90fb-c9bd9cfa60b2', '2025-09-05 09:53:08.797'),
('U253d59f848bd8df38efa1471f80e6702', 'BADGEed3aac39-ade4-4d50-90fb-c9bd9cfa60b2', '2025-09-05 09:53:12.782'),
('U320e199e13b623206fdd29c333c6ed63', 'BADGEed3aac39-ade4-4d50-90fb-c9bd9cfa60b2', '2025-09-05 10:10:44.926'),
('U26dc7ee55dde44e859ab6a4ea32d0194', 'BADGEed3aac39-ade4-4d50-90fb-c9bd9cfa60b2', '2025-09-05 10:11:38.456'),
('U5bbac6bb6e63ec02fbf3af7b5bac31b0', 'BADGEed3aac39-ade4-4d50-90fb-c9bd9cfa60b2', '2025-09-05 10:12:11.762'),
('U54ecd6a77c2c8805e6a64d8fec358aff', 'BADGEed3aac39-ade4-4d50-90fb-c9bd9cfa60b2', '2025-09-05 11:02:14.310'),
('Ue99cdc80e70df5465c4a91cc4aae4196', 'BADGEed3aac39-ade4-4d50-90fb-c9bd9cfa60b2', '2025-09-05 11:02:22.557'),
('U040fc946503aa64d2a17e956642c5ee3', 'BADGEed3aac39-ade4-4d50-90fb-c9bd9cfa60b2', '2025-09-05 11:02:35.993'),
('U7dcbfccd4df4c593b3dd0d4caf327fd4', 'BADGEed3aac39-ade4-4d50-90fb-c9bd9cfa60b2', '2025-09-05 11:02:41.186'),
('U92bc31e9a59a7fd8cf56cd9f216cb062', 'BADGEed3aac39-ade4-4d50-90fb-c9bd9cfa60b2', '2025-09-05 11:02:51.662'),
('U5afd1eef67eaddb04a1429c4818f0191', 'BADGEed3aac39-ade4-4d50-90fb-c9bd9cfa60b2', '2025-09-05 11:03:14.899'),
('Ue977dea7d3c75347dc63b6bd88368dec', 'BADGEed3aac39-ade4-4d50-90fb-c9bd9cfa60b2', '2025-09-05 11:03:32.648'),
('U9718cf5734469d6929372a420c5e4578', 'BADGEed3aac39-ade4-4d50-90fb-c9bd9cfa60b2', '2025-09-05 11:03:38.659'),
('U518990f3753ab23beb7e49b82e53e77f', 'BADGEed3aac39-ade4-4d50-90fb-c9bd9cfa60b2', '2025-09-05 11:03:47.711'),
('U0c3a1664a05a3870246264684e3a8cd3', 'BADGEed3aac39-ade4-4d50-90fb-c9bd9cfa60b2', '2025-09-05 11:03:52.616'),
('U52ca9e61555d332f8f94b2a4174232f0', 'BADGEed3aac39-ade4-4d50-90fb-c9bd9cfa60b2', '2025-09-05 11:03:58.421'),
('Uf52205155ee62e4640630ddccc33641f', 'BADGEed3aac39-ade4-4d50-90fb-c9bd9cfa60b2', '2025-09-05 11:04:05.693'),
('U33348c600ce9205250959289fb000ac8', 'BADGEed3aac39-ade4-4d50-90fb-c9bd9cfa60b2', '2025-09-05 12:31:07.738'),
('U8ba20738b9edb277bb4f99f6455d3982', 'BADGEed3aac39-ade4-4d50-90fb-c9bd9cfa60b2', '2025-09-06 03:25:35.089'),
('Uc3deb58f23a35214bef4304af0f4ce31', 'BADGEed3aac39-ade4-4d50-90fb-c9bd9cfa60b2', '2025-09-06 03:25:39.796'),
('Ub3f4d4038d1f4b2cbc328375ab410da3', 'BADGEed3aac39-ade4-4d50-90fb-c9bd9cfa60b2', '2025-09-06 03:25:45.252'),
('Uf3998d6281a9b95cb8b0c01c98d9f152', 'BADGEed3aac39-ade4-4d50-90fb-c9bd9cfa60b2', '2025-09-06 03:25:51.033'),
('Ueb87d480afcfab5b564cb00c90d1c6e1', 'BADGEed3aac39-ade4-4d50-90fb-c9bd9cfa60b2', '2025-09-06 03:25:57.552'),
('U8dda4e319f5ccedd8d291f64ca573540', 'BADGEed3aac39-ade4-4d50-90fb-c9bd9cfa60b2', '2025-09-06 03:26:04.603'),
('Ua6166688603926b5ecb49f220e1d3cb7', 'BADGEed3aac39-ade4-4d50-90fb-c9bd9cfa60b2', '2025-09-07 11:31:42.823'),
('Ub890fbeef946378453ac5bc72d7841f9', 'BADGEed3aac39-ade4-4d50-90fb-c9bd9cfa60b2', '2025-09-07 11:32:24.751'),
('U110043b124a97d523e81ecc56e032f2d', 'BADGEed3aac39-ade4-4d50-90fb-c9bd9cfa60b2', '2025-09-07 11:32:38.238'),
('Uedf90f9b5212577262c7d4b266e6bd2b', 'BADGEed3aac39-ade4-4d50-90fb-c9bd9cfa60b2', '2025-09-07 11:32:44.778'),
('U77929bf3df94eac1127df1e05dc538ea', 'BADGEed3aac39-ade4-4d50-90fb-c9bd9cfa60b2', '2025-09-07 11:32:50.541'),
('Ufb9e106fa98bb35ade0accad707044e3', 'BADGEed3aac39-ade4-4d50-90fb-c9bd9cfa60b2', '2025-09-07 11:32:56.002'),
('Ubc777d77f1201ce8d42e36326f686132', 'BADGEed3aac39-ade4-4d50-90fb-c9bd9cfa60b2', '2025-09-07 11:33:01.317');

INSERT INTO `comments` (`commentId`, `submissionId`, `lineUserId`, `commentText`, `createdAt`) VALUES
('CMTd6f084de-cc6e-4472-b759-1a0f36c5e88e', 'SUB634e699d-da1b-4fe8-9d84-67cf8b8fd16c', 'U3f08e5c27ff57004358e74657c179dfb', 'ยอดเยี่ยมมากครับ', '2025-09-05 09:34:06.635'),
('CMT922e1451-96b0-491f-8afb-f0391502e220', 'SUB4c936563-34e2-4612-b76c-a92da1562895', 'U20e38085f09aca2811cce54cb266d603', 'ถูกต้องครับ ดีมาก', '2025-09-05 10:25:37.191'),
('CMT5eedb16e-157f-43b2-b40f-c4745243e565', 'SUBf4161ae1-c34a-4833-bce7-f62f09a99335', 'U410bb259434247e428bffe17a4c7886e', 'สวยงามครับ', '2025-09-05 17:14:00.443'),
('CMT5058c341-89d3-44ff-8809-1e6d3b2c872f', 'SUBf4161ae1-c34a-4833-bce7-f62f09a99335', 'U3f08e5c27ff57004358e74657c179dfb', 'ดีมากครับ', '2025-09-06 02:22:10.475'),
('CMT340c0a82-ba87-40bd-b7a1-6976db737db3', 'SUBd12bc5b0-6ffc-4f1d-9ff0-fec4d11e507f', 'U463d6c75321700740b8093575d6aaaf3', 'ขอบคุณครับ', '2025-09-06 02:23:22.109'),
('CMT77d171d0-ae9e-4fd7-8517-8598981e24e4', 'SUBd12bc5b0-6ffc-4f1d-9ff0-fec4d11e507f', 'U3f08e5c27ff57004358e74657c179dfb', 'ทำได้ดีครับ', '2025-09-06 02:23:36.718'),
('CMT7b5d3266-224f-472e-a262-896302eefa80', 'SUBf4161ae1-c34a-4833-bce7-f62f09a99335', 'U463d6c75321700740b8093575d6aaaf3', 'ขอบคุณครับ', '2025-09-06 02:23:37.352'),
('CMT3d0652fc-f035-45af-bd41-c1c3e33bb75b', 'SUBafe686bd-0905-4ff2-89da-a53b34faf553', 'U3f08e5c27ff57004358e74657c179dfb', '👍🏻👍🏻👍🏻', '2025-09-06 02:24:04.904'),
('CMT7fa98bb0-4f04-4849-9cd9-f662926d5e92', 'SUBd6d03fef-47be-497f-973b-bd85db0c3e7c', 'U3f08e5c27ff57004358e74657c179dfb', '👍🏻👍🏻👍🏻', '2025-09-06 02:24:59.143'),
('CMT0051ecad-e7d2-4805-a073-bdc33b23901d', 'SUBd12bc5b0-6ffc-4f1d-9ff0-fec4d11e507f', 'U410bb259434247e428bffe17a4c7886e', 'มาแล้ววววว', '2025-09-06 02:26:32.265'),
('CMTb1279202-4d7d-4d39-9f44-4d1b1858aedf', 'SUBd6d03fef-47be-497f-973b-bd85db0c3e7c', 'Ufb9e106fa98bb35ade0accad707044e3', 'ดีมาก..เยี่ยมเลย', '2025-09-07 07:43:50.103'),
('CMTa590ab36-f2c2-4701-8d9e-e5f0660b01ac', 'SUBaa9520ee-ec6a-4c24-828d-8504640725a7', 'Ufb9e106fa98bb35ade0accad707044e3', '👏🏻👏🏻😆', '2025-09-07 07:45:44.322');

INSERT INTO `likes` (`likeId`, `submissionId`, `lineUserId`, `createdAt`) VALUES
('LIKE91c4ebb4-63e2-44df-b603-0797e382a91d', 'SUB4c936563-34e2-4612-b76c-a92da1562895', 'U3f08e5c27ff57004358e74657c179dfb', '2025-09-05 08:53:53.295'),
('LIKE6d7f0101-ab93-4f6a-b887-69c14de20235', 'SUB4c936563-34e2-4612-b76c-a92da1562895', 'U5bbac6bb6e63ec02fbf3af7b5bac31b0', '2025-09-05 08:54:35.877'),
('LIKE125d02b4-00f6-49ce-acab-1bd26ef61aa6', 'SUBbe1575b4-673b-4fad-b01c-2c81764e5d20', 'U5bbac6bb6e63ec02fbf3af7b5bac31b0', '2025-09-05 08:54:42.629'),
('LIKE07c4dc94-9048-43a2-86ea-115f5edb33b7', 'SUB4c936563-34e2-4612-b76c-a92da1562895', 'U410bb259434247e428bffe17a4c7886e', '2025-09-05 08:54:43.896'),
('LIKE6fc7afc7-4370-4b18-9f49-321db8dd7c4a', 'SUB4c936563-34e2-4612-b76c-a92da1562895', 'U20e38085f09aca2811cce54cb266d603', '2025-09-05 08:55:14.212'),
('LIKEe9f85cd8-3de2-4f25-84c0-0fd696ddc05b', 'SUBbe1575b4-673b-4fad-b01c-2c81764e5d20', 'U20e38085f09aca2811cce54cb266d603', '2025-09-05 08:55:18.070'),
('LIKE0cde0087-d1ed-4678-89ce-1e5c07be88f4', 'SUBbe1575b4-673b-4fad-b01c-2c81764e5d20', 'U410bb259434247e428bffe17a4c7886e', '2025-09-05 08:55:19.805'),
('LIKE74797c4a-c1bd-4383-b021-d83042d0a336', 'SUBd52ed043-75ab-4ee8-af04-a07b38a383e6', 'U9385e759d7c6eb3f001317f8d640fdad', '2025-09-05 08:56:09.574'),
('LIKE60443f2e-0505-434e-ba5c-516911e7205a', 'SUB4c936563-34e2-4612-b76c-a92da1562895', 'U9385e759d7c6eb3f001317f8d640fdad', '2025-09-05 08:57:04.271'),
('LIKEd94e591f-c95c-4569-a8c1-d7aac53948ad', 'SUBc420556c-676e-41ae-9d0a-ae5d69053296', 'U410bb259434247e428bffe17a4c7886e', '2025-09-05 09:03:11.538'),
('LIKEe5a284b9-24ba-4877-89ad-ade8127254c0', 'SUB634e699d-da1b-4fe8-9d84-67cf8b8fd16c', 'U3f08e5c27ff57004358e74657c179dfb', '2025-09-05 09:16:49.285'),
('LIKEcc144c95-4203-4de7-8891-ad0a1a8c57dc', 'SUB634e699d-da1b-4fe8-9d84-67cf8b8fd16c', 'U20e38085f09aca2811cce54cb266d603', '2025-09-05 09:17:33.868'),
('LIKEbfd69a39-2d72-48f1-bc52-6219521c5955', 'SUBf508fa1f-f568-443f-a442-f3732b88b4ac', 'U1f1f6570c3ac9df4a96572184a0adcc2', '2025-09-05 10:15:20.800'),
('LIKEb766b066-8203-4a6b-85c6-4719d5aa079e', 'SUBc9c4ab42-e8c2-4369-955b-9546878c4d31', 'U1f1f6570c3ac9df4a96572184a0adcc2', '2025-09-05 10:15:48.336'),
('LIKE856ddec9-7d2a-4e69-ae41-ca6c18bafac8', 'SUB3ddb3374-ed77-45d0-8386-10980b9b5a18', 'U1dcbe8e3c66acf2dc1c530a03918a010', '2025-09-05 10:15:59.072'),
('LIKE77a45ec6-f29b-40e1-a694-66045d696999', 'SUBc9c4ab42-e8c2-4369-955b-9546878c4d31', 'U253d59f848bd8df38efa1471f80e6702', '2025-09-05 10:16:10.499'),
('LIKE2663657f-e0b6-4c2e-84c2-d1c611467027', 'SUB33a2c4b1-d6a5-427d-8b89-1b23087966ca', 'U1dcbe8e3c66acf2dc1c530a03918a010', '2025-09-05 10:16:13.801'),
('LIKE9060a6f0-c8e0-40ca-82a2-adf2551a1f14', 'SUBf508fa1f-f568-443f-a442-f3732b88b4ac', 'U253d59f848bd8df38efa1471f80e6702', '2025-09-05 10:16:15.933'),
('LIKE0cb40bd9-a5ff-40c1-b1c3-c9dc948a6dd3', 'SUB9ed61d50-54cb-4f4e-8544-03c7d5466315', 'Udd3dd6ba767a06c794be9d6c8e4a3db2', '2025-09-05 10:16:27.365'),
('LIKE693e50b9-1ccf-4d65-8bde-cbcd1a772530', 'SUB33a2c4b1-d6a5-427d-8b89-1b23087966ca', 'U1f1f6570c3ac9df4a96572184a0adcc2', '2025-09-05 10:16:31.141'),
('LIKE413ddc7d-1c23-4ee0-9c82-452e938c33e5', 'SUB33a2c4b1-d6a5-427d-8b89-1b23087966ca', 'U253d59f848bd8df38efa1471f80e6702', '2025-09-05 10:16:31.942'),
('LIKEdc740db2-e949-484f-89b0-1b3e97f8923e', 'SUBc9c4ab42-e8c2-4369-955b-9546878c4d31', 'U1dcbe8e3c66acf2dc1c530a03918a010', '2025-09-05 10:16:34.421'),
('LIKE77856a5b-f6ae-4e12-841b-2a796b0f63eb', 'SUBc9c4ab42-e8c2-4369-955b-9546878c4d31', 'Udd3dd6ba767a06c794be9d6c8e4a3db2', '2025-09-05 10:16:36.403'),
('LIKE008b870e-0053-4a81-9fcf-28da2e57090e', 'SUBf508fa1f-f568-443f-a442-f3732b88b4ac', 'U1dcbe8e3c66acf2dc1c530a03918a010', '2025-09-05 10:16:39.623'),
('LIKE9c324183-d34b-4f68-bdc0-1e697f616b4c', 'SUBf508fa1f-f568-443f-a442-f3732b88b4ac', 'Udd3dd6ba767a06c794be9d6c8e4a3db2', '2025-09-05 10:16:42.704'),
('LIKEc3537d93-1a62-4224-98c4-9cb2182b9742', 'SUB5c88a92e-d062-40d3-ba1b-fe124e26e9d4', 'Udd3dd6ba767a06c794be9d6c8e4a3db2', '2025-09-05 10:16:49.101'),
('LIKEd71863e3-182c-48a1-b5a4-86d2576bdc69', 'SUB62f924c3-77ef-4570-99f6-438681262688', 'Udd3dd6ba767a06c794be9d6c8e4a3db2', '2025-09-05 10:16:51.537'),
('LIKE7763e4e2-dca8-4300-b761-178600aa0ca9', 'SUB5c88a92e-d062-40d3-ba1b-fe124e26e9d4', 'U1dcbe8e3c66acf2dc1c530a03918a010', '2025-09-05 10:16:53.762'),
('LIKE5940c26e-a3fe-470f-acb4-906d30a469bf', 'SUB62f924c3-77ef-4570-99f6-438681262688', 'U1dcbe8e3c66acf2dc1c530a03918a010', '2025-09-05 10:16:57.158'),
('LIKEb65c5cda-35e9-49ee-bf67-377bf4c186ac', 'SUB9ed61d50-54cb-4f4e-8544-03c7d5466315', 'U1f1f6570c3ac9df4a96572184a0adcc2', '2025-09-05 10:17:06.436'),
('LIKE78f3a336-b1eb-446d-8caa-1b78519d75e4', 'SUB3ddb3374-ed77-45d0-8386-10980b9b5a18', 'U1f1f6570c3ac9df4a96572184a0adcc2', '2025-09-05 10:17:12.179'),
('LIKE1684234a-1fdb-4079-be71-439ce288c389', 'SUB689abf86-db2e-4380-ab7c-812271c3d7c8', 'U1dcbe8e3c66acf2dc1c530a03918a010', '2025-09-05 10:17:12.628'),
('LIKEb5d304e8-7da9-4058-b5e4-743d9a64f292', 'SUB9ed61d50-54cb-4f4e-8544-03c7d5466315', 'U26dc7ee55dde44e859ab6a4ea32d0194', '2025-09-05 10:17:30.161'),
('LIKEb5163ec0-f12c-4ed2-a95a-0ce1fc63059e', 'SUB3ddb3374-ed77-45d0-8386-10980b9b5a18', 'U26dc7ee55dde44e859ab6a4ea32d0194', '2025-09-05 10:17:34.288'),
('LIKE034f67f9-db00-46bb-9854-8501141ad7f4', 'SUBf508fa1f-f568-443f-a442-f3732b88b4ac', 'U26dc7ee55dde44e859ab6a4ea32d0194', '2025-09-05 10:17:47.422'),
('LIKEb4fa28c8-ee42-4b83-b7a0-a7de89993f72', 'SUB3ddb3374-ed77-45d0-8386-10980b9b5a18', 'U253d59f848bd8df38efa1471f80e6702', '2025-09-05 10:17:48.812'),
('LIKE31c12590-7bcb-4fc8-a5ec-15d9a3992021', 'SUB33a2c4b1-d6a5-427d-8b89-1b23087966ca', 'U26dc7ee55dde44e859ab6a4ea32d0194', '2025-09-05 10:18:05.689'),
('LIKEfdf37122-93f9-4c1f-b18d-2da968a2ed04', 'SUB539e4664-e4dd-4eee-8f03-cc8d0271bf52', 'U320e199e13b623206fdd29c333c6ed63', '2025-09-05 10:19:56.427'),
('LIKEbe85d469-abb4-419b-a0a0-072fb28b3832', 'SUB4c936563-34e2-4612-b76c-a92da1562895', 'U320e199e13b623206fdd29c333c6ed63', '2025-09-05 10:20:24.122'),
('LIKEaba7c82c-2c96-4f93-9ead-8a52ed6afd1f', 'SUB539e4664-e4dd-4eee-8f03-cc8d0271bf52', 'U3f08e5c27ff57004358e74657c179dfb', '2025-09-05 10:21:30.705'),
('LIKE69219ee3-b508-4004-a73b-6dff4f0cbf56', 'SUB539e4664-e4dd-4eee-8f03-cc8d0271bf52', 'U20e38085f09aca2811cce54cb266d603', '2025-09-05 10:25:06.890'),
('LIKEb53f9a42-632e-422a-8747-afec37b80e42', 'SUB4c936563-34e2-4612-b76c-a92da1562895', 'U463d6c75321700740b8093575d6aaaf3', '2025-09-05 11:06:13.668'),
('LIKE2134781f-5c05-489d-8a78-66fec34faf87', 'SUBbe1575b4-673b-4fad-b01c-2c81764e5d20', 'U463d6c75321700740b8093575d6aaaf3', '2025-09-05 11:06:21.051'),
('LIKE3a7c453f-c0d4-4f36-ab93-58bc395331bc', 'SUBd52ed043-75ab-4ee8-af04-a07b38a383e6', 'U463d6c75321700740b8093575d6aaaf3', '2025-09-05 11:06:24.297'),
('LIKEc215675f-d755-480a-8ef0-9c7652981f17', 'SUBc420556c-676e-41ae-9d0a-ae5d69053296', 'U463d6c75321700740b8093575d6aaaf3', '2025-09-05 11:06:39.990'),
('LIKE8d386e4f-bba2-4e7d-a09e-94b31fb49710', 'SUB689abf86-db2e-4380-ab7c-812271c3d7c8', 'U463d6c75321700740b8093575d6aaaf3', '2025-09-05 11:06:47.050'),
('LIKE187bfc4f-6984-4e70-b7cd-43a2789ad701', 'SUBd6d03fef-47be-497f-973b-bd85db0c3e7c', 'U463d6c75321700740b8093575d6aaaf3', '2025-09-05 11:07:45.126'),
('LIKEb6ae3755-bf1a-42c2-bdb5-2727f0224f45', 'SUB22d117a1-e83c-482f-b102-cfc1ca0c4a6e', 'U463d6c75321700740b8093575d6aaaf3', '2025-09-05 11:07:47.483'),
('LIKEc3679b20-8f51-499a-bf5a-4bf0884b9aa8', 'SUBf4161ae1-c34a-4833-bce7-f62f09a99335', 'U3f08e5c27ff57004358e74657c179dfb', '2025-09-06 00:58:04.727'),
('LIKEd6335635-0b45-4f22-a406-00f431496f92', 'SUBafe686bd-0905-4ff2-89da-a53b34faf553', 'U3f08e5c27ff57004358e74657c179dfb', '2025-09-06 00:58:08.992'),
('LIKE577c39b4-b3a2-4572-a728-3ce6e0b32d03', 'SUBd12bc5b0-6ffc-4f1d-9ff0-fec4d11e507f', 'U3f08e5c27ff57004358e74657c179dfb', '2025-09-06 02:23:01.577'),
('LIKE8585d263-261c-4dbe-bd9b-4018ccfba71d', 'SUBd12bc5b0-6ffc-4f1d-9ff0-fec4d11e507f', 'U463d6c75321700740b8093575d6aaaf3', '2025-09-06 02:23:02.692'),
('LIKE6887c2f7-9e6a-4668-b0d1-2cc67f3b6b4f', 'SUBd12bc5b0-6ffc-4f1d-9ff0-fec4d11e507f', 'U410bb259434247e428bffe17a4c7886e', '2025-09-06 02:23:19.730'),
('LIKEa4819b13-63c9-4ca5-8172-d3f8a04279d2', 'SUBf4161ae1-c34a-4833-bce7-f62f09a99335', 'U463d6c75321700740b8093575d6aaaf3', '2025-09-06 02:23:28.875'),
('LIKE477123c8-c320-4cd3-ab43-0d2750e98aff', 'SUBe7acc318-2d28-4ab5-bc3e-05dd3492de70', 'U463d6c75321700740b8093575d6aaaf3', '2025-09-06 02:23:46.140'),
('LIKEf8f77a90-6687-40e3-92c7-3a478597787c', 'SUB802f0543-cba7-4b25-bf6a-700a1f54141a', 'U463d6c75321700740b8093575d6aaaf3', '2025-09-06 02:23:48.878'),
('LIKE081a9985-5eda-483e-8832-5438956634c4', 'SUBafe686bd-0905-4ff2-89da-a53b34faf553', 'U410bb259434247e428bffe17a4c7886e', '2025-09-06 02:26:44.909'),
('LIKE8cd829dc-a98f-4e26-8db4-1d8c3a6728fd', 'SUBafe686bd-0905-4ff2-89da-a53b34faf553', 'U8ba20738b9edb277bb4f99f6455d3982', '2025-09-06 03:15:45.801'),
('LIKEaa8cb0ce-0c0d-4a2d-b051-f2936d9e17e0', 'SUB802f0543-cba7-4b25-bf6a-700a1f54141a', 'U8ba20738b9edb277bb4f99f6455d3982', '2025-09-06 03:15:54.259'),
('LIKEfed6e2f8-389b-41e2-b970-1cb13b80b882', 'SUB466001d6-c06c-460e-ae31-9273b26fd450', 'U8ba20738b9edb277bb4f99f6455d3982', '2025-09-06 03:16:00.270'),
('LIKE9ffd0ef0-1ca3-4c87-960d-f0d7039c1925', 'SUB4a553b06-3c7d-4163-b405-7ca1c216c1be', 'U8ba20738b9edb277bb4f99f6455d3982', '2025-09-06 03:16:03.290'),
('LIKE7a43e02e-c134-41ba-adeb-1e6be87bac93', 'SUB1b2b0ee2-d950-458a-ad01-311ec520bcde', 'U8ba20738b9edb277bb4f99f6455d3982', '2025-09-06 03:16:04.681'),
('LIKE9cf85448-4d02-47a3-89c6-8f1f06e3ea15', 'SUBa57a01aa-f70f-461c-923a-6c7c08a7a00c', 'U8ba20738b9edb277bb4f99f6455d3982', '2025-09-06 03:16:12.076'),
('LIKE753917ac-3805-4676-b4a6-3de134150dec', 'SUBc5c4be45-464a-4633-92bd-e8d0246032e1', 'U8ba20738b9edb277bb4f99f6455d3982', '2025-09-06 03:16:14.227'),
('LIKE9a259fdb-7ce8-4fb1-9081-de4746a87b3b', 'SUBd6d03fef-47be-497f-973b-bd85db0c3e7c', 'U3f08e5c27ff57004358e74657c179dfb', '2025-09-06 03:17:17.748'),
('LIKE98997faa-50cf-4312-8f2b-ed45832fbfe8', 'SUB22d117a1-e83c-482f-b102-cfc1ca0c4a6e', 'U3f08e5c27ff57004358e74657c179dfb', '2025-09-06 03:17:22.618'),
('LIKEe863da52-a27b-4f65-8882-ede2557ef86e', 'SUB2c950d21-85c6-4278-b2ce-d3fd9e3e8b7d', 'Ub890fbeef946378453ac5bc72d7841f9', '2025-09-06 07:25:32.268'),
('LIKE836a7fed-0e65-4db0-8d44-8c0613b51aa9', 'SUBf4161ae1-c34a-4833-bce7-f62f09a99335', 'U410bb259434247e428bffe17a4c7886e', '2025-09-06 07:39:35.223'),
('LIKE3c7f04d8-89c9-4a91-a772-fd6011038dc0', 'SUB2a742471-fe50-438e-857a-7467344515f4', 'Ue99cdc80e70df5465c4a91cc4aae4196', '2025-09-06 14:28:20.036'),
('LIKEa72416a7-0d74-4eb1-8d64-a1d896022420', 'SUBbb6b6e0f-5dac-4a05-af8d-cd94ee142208', 'Ue99cdc80e70df5465c4a91cc4aae4196', '2025-09-06 14:29:57.354'),
('LIKE7193a877-2f8e-4a80-b06e-87fdbed7ee65', 'SUB97ed631c-042e-4926-8b15-62c94abd3d65', 'U518990f3753ab23beb7e49b82e53e77f', '2025-09-06 15:25:38.601'),
('LIKE03e2992c-548b-4a6c-b654-f7d7341c3795', 'SUB97ed631c-042e-4926-8b15-62c94abd3d65', 'Ue99cdc80e70df5465c4a91cc4aae4196', '2025-09-06 23:21:44.172'),
('LIKEe69b48a8-e460-4f0e-a523-a50d83e69528', 'SUB02ff286c-0266-4a96-a3af-861d8629d317', 'Ue977dea7d3c75347dc63b6bd88368dec', '2025-09-07 01:00:27.630'),
('LIKEdbbbc6c1-d247-4cff-b2bf-51c97983c30d', 'SUBf801834d-4ca9-4622-a10c-997633ebab56', 'Ufb9e106fa98bb35ade0accad707044e3', '2025-09-07 06:58:07.628'),
('LIKE1f99da2b-c267-42c0-9bb9-7f94c27602bd', 'SUB466001d6-c06c-460e-ae31-9273b26fd450', 'Ufb9e106fa98bb35ade0accad707044e3', '2025-09-07 07:39:56.651'),
('LIKE1d749e8b-99c2-43f0-bb57-ecb223708279', 'SUBaa9520ee-ec6a-4c24-828d-8504640725a7', 'Ufb9e106fa98bb35ade0accad707044e3', '2025-09-07 07:45:55.831'),
('LIKE1a2c05ac-8c5b-4478-b9c3-8832cf923f0a', 'SUB3cfd6c98-6bf0-4993-9805-bd8b1c15cbfb', 'U566d021df9589e746b2cf0cac397ceba', '2025-09-07 10:01:32.587'),
('LIKEb8c2c9b6-70a7-41d0-8962-ec1268b7531e', 'SUB49ab38a8-0bfc-446b-ad79-65df5960f20d', 'U3dd88218198a95b733087bc1362e9844', '2025-09-07 12:39:02.119'),
('LIKE5e9cedc8-0f61-4b95-84a8-724f71c9af83', 'SUB3cfd6c98-6bf0-4993-9805-bd8b1c15cbfb', 'U3dd88218198a95b733087bc1362e9844', '2025-09-07 12:39:25.309');
SET FOREIGN_KEY_CHECKS = 1;

-- End of file
